cap_k,wy_type,n_cuttings,et_bin_idx,et_bin_label,et_bin_center,mean_saved_mm,mean_saved_acft,count,is_model
0,Critical,1,0,0–150,75,31.010731057650855,0.10174124362746342,1,True
0,Critical,1,1,150–300,225,93.03219317295257,0.3052237308823903,0,True
0,Critical,1,2,300–500,400,165.39056564080457,0.5426199660131383,0,True
0,Critical,1,3,500–700,600,248.08584846120684,0.8139299490197074,0,True
0,Critical,1,4,700–900,800,330.78113128160913,1.0852399320262767,0,True
0,Critical,1,5,900–1100,1000,413.4764141020114,1.3565499150328457,0,True
0,Critical,1,6,1100–1400,1250,516.8455176275143,1.6956873937910573,0,True
0,Critical,1,7,1400–1700,1550,640.8884418581177,2.102652368300911,0,True
0,Critical,1,8,1700–2100,1900,785.6051867938216,2.577444838562407,0,True
0,Critical,1,9,2100–2500,2300,950.9957524346263,3.1200648045755455,0,True
0,Critical,2,0,0–150,75,31.010731057650855,0.10174124362746342,1,True
0,Critical,2,1,150–300,225,93.03219317295257,0.3052237308823903,0,True
0,Critical,2,2,300–500,400,165.39056564080457,0.5426199660131383,0,True
0,Critical,2,3,500–700,600,248.08584846120684,0.8139299490197074,0,True
0,Critical,2,4,700–900,800,330.78113128160913,1.0852399320262767,0,True
0,Critical,2,5,900–1100,1000,413.4764141020114,1.3565499150328457,0,True
0,Critical,2,6,1100–1400,1250,516.8455176275143,1.6956873937910573,0,True
0,Critical,2,7,1400–1700,1550,640.8884418581177,2.102652368300911,0,True
0,Critical,2,8,1700–2100,1900,785.6051867938216,2.577444838562407,0,True
0,Critical,2,9,2100–2500,2300,950.9957524346263,3.1200648045755455,0,True
0,Critical,3,0,0–150,75,31.010731057650855,0.10174124362746342,1,True
0,Critical,3,1,150–300,225,93.03219317295257,0.3052237308823903,1,True
0,Critical,3,2,300–500,400,228.48640000000006,0.7496272965879267,5,False
0,Critical,3,3,500–700,600,248.08584846120684,0.8139299490197074,3,True
0,Critical,3,4,700–900,800,330.78113128160913,1.0852399320262767,4,True
0,Critical,3,5,900–1100,1000,413.4764141020114,1.3565499150328457,0,True
0,Critical,3,6,1100–1400,1250,516.8455176275143,1.6956873937910573,0,True
0,Critical,3,7,1400–1700,1550,640.8884418581177,2.102652368300911,0,True
0,Critical,3,8,1700–2100,1900,785.6051867938216,2.577444838562407,0,True
0,Critical,3,9,2100–2500,2300,950.9957524346263,3.1200648045755455,0,True
0,Critical,4,0,0–150,75,31.010731057650855,0.10174124362746342,0,True
0,Critical,4,1,150–300,225,93.03219317295257,0.3052237308823903,2,True
0,Critical,4,2,300–500,400,165.39056564080457,0.5426199660131383,3,True
0,Critical,4,3,500–700,600,311.95207692307696,1.0234648193014335,13,False
0,Critical,4,4,700–900,800,414.9185263157895,1.3612812543168946,19,False
0,Critical,4,5,900–1100,1000,413.4764141020114,1.3565499150328457,4,True
0,Critical,4,6,1100–1400,1250,516.8455176275143,1.6956873937910573,0,True
0,Critical,4,7,1400–1700,1550,640.8884418581177,2.102652368300911,0,True
0,Critical,4,8,1700–2100,1900,785.6051867938216,2.577444838562407,0,True
0,Critical,4,9,2100–2500,2300,950.9957524346263,3.1200648045755455,0,True
0,Critical,5,0,0–150,75,31.010731057650855,0.10174124362746342,0,True
0,Critical,5,1,150–300,225,93.03219317295257,0.3052237308823903,0,True
0,Critical,5,2,300–500,400,126.6596,0.41554986876640415,10,False
0,Critical,5,3,500–700,600,311.63112765957453,1.0224118361534598,47,False
0,Critical,5,4,700–900,800,419.1571978021978,1.3751876568313575,91,False
0,Critical,5,5,900–1100,1000,424.44079310344824,1.392522287084804,29,False
0,Critical,5,6,1100–1400,1250,455.5099285714286,1.494455146231721,14,False
0,Critical,5,7,1400–1700,1550,640.8884418581177,2.102652368300911,0,True
0,Critical,5,8,1700–2100,1900,785.6051867938216,2.577444838562407,0,True
0,Critical,5,9,2100–2500,2300,950.9957524346263,3.1200648045755455,0,True
0,Critical,6,0,0–150,75,31.010731057650855,0.10174124362746342,0,True
0,Critical,6,1,150–300,225,93.03219317295257,0.3052237308823903,0,True
0,Critical,6,2,300–500,400,165.39056564080457,0.5426199660131383,2,True
0,Critical,6,3,500–700,600,267.6446730769231,0.8780993211185141,52,False
0,Critical,6,4,700–900,800,372.39945777777774,1.2217829979585884,225,False
0,Critical,6,5,900–1100,1000,433.6192688172043,1.4226353963819036,186,False
0,Critical,6,6,1100–1400,1250,454.02124137931037,1.4895710019006245,58,False
0,Critical,6,7,1400–1700,1550,640.8884418581177,2.102652368300911,2,True
0,Critical,6,8,1700–2100,1900,785.6051867938216,2.577444838562407,0,True
0,Critical,6,9,2100–2500,2300,950.9957524346263,3.1200648045755455,0,True
0,Critical,7,0,0–150,75,31.010731057650855,0.10174124362746342,0,True
0,Critical,7,1,150–300,225,93.03219317295257,0.3052237308823903,0,True
0,Critical,7,2,300–500,400,165.39056564080457,0.5426199660131383,1,True
0,Critical,7,3,500–700,600,260.6772894736842,0.8552404510291476,38,False
0,Critical,7,4,700–900,800,359.1140519877676,1.1781957086212846,327,False
0,Critical,7,5,900–1100,1000,427.4941366459627,1.4025398183922662,483,False
0,Critical,7,6,1100–1400,1250,460.08525431034485,1.5094660574486378,232,False
0,Critical,7,7,1400–1700,1550,620.2679999999999,2.0349999999999997,7,False
0,Critical,7,8,1700–2100,1900,785.6051867938216,2.577444838562407,0,True
0,Critical,7,9,2100–2500,2300,950.9957524346263,3.1200648045755455,0,True
0,Critical,8,0,0–150,75,31.010731057650855,0.10174124362746342,0,True
0,Critical,8,1,150–300,225,93.03219317295257,0.3052237308823903,0,True
0,Critical,8,2,300–500,400,165.39056564080457,0.5426199660131383,2,True
0,Critical,8,3,500–700,600,186.5514,0.6120452755905511,10,False
0,Critical,8,4,700–900,800,345.9736571428571,1.1350841769778777,175,False
0,Critical,8,5,900–1100,1000,419.7052725527831,1.376985802338527,521,False
0,Critical,8,6,1100–1400,1250,465.01581375358165,1.525642433574743,349,False
0,Critical,8,7,1400–1700,1550,524.2081000000001,1.719842847769029,30,False
0,Critical,8,8,1700–2100,1900,785.6051867938216,2.577444838562407,0,True
0,Critical,8,9,2100–2500,2300,950.9957524346263,3.1200648045755455,0,True
0,Critical,9,0,0–150,75,31.010731057650855,0.10174124362746342,0,True
0,Critical,9,1,150–300,225,93.03219317295257,0.3052237308823903,0,True
0,Critical,9,2,300–500,400,165.39056564080457,0.5426199660131383,0,True
0,Critical,9,3,500–700,600,248.08584846120684,0.8139299490197074,4,True
0,Critical,9,4,700–900,800,318.087,1.0435925196850393,45,False
0,Critical,9,5,900–1100,1000,413.32329317269074,1.356047549779169,249,False
0,Critical,9,6,1100–1400,1250,452.3239457831325,1.484002446795054,166,False
0,Critical,9,7,1400–1700,1550,541.2290555555555,1.7756858778069406,18,False
0,Critical,9,8,1700–2100,1900,785.6051867938216,2.577444838562407,0,True
0,Critical,9,9,2100–2500,2300,950.9957524346263,3.1200648045755455,0,True
0,Critical,10,0,0–150,75,31.010731057650855,0.10174124362746342,0,True
0,Critical,10,1,150–300,225,93.03219317295257,0.3052237308823903,0,True
0,Critical,10,2,300–500,400,165.39056564080457,0.5426199660131383,0,True
0,Critical,10,3,500–700,600,248.08584846120684,0.8139299490197074,0,True
0,Critical,10,4,700–900,800,331.1057777777778,1.086305045202683,9,False
0,Critical,10,5,900–1100,1000,420.1443970588236,1.3784264995368227,68,False
0,Critical,10,6,1100–1400,1250,454.4003137254902,1.4908146775770676,51,False
0,Critical,10,7,1400–1700,1550,640.8884418581177,2.102652368300911,4,True
0,Critical,10,8,1700–2100,1900,785.6051867938216,2.577444838562407,0,True
0,Critical,10,9,2100–2500,2300,950.9957524346263,3.1200648045755455,0,True
0,Critical,11,0,0–150,75,31.010731057650855,0.10174124362746342,0,True
0,Critical,11,1,150–300,225,93.03219317295257,0.3052237308823903,0,True
0,Critical,11,2,300–500,400,165.39056564080457,0.5426199660131383,0,True
0,Critical,11,3,500–700,600,248.08584846120684,0.8139299490197074,1,True
0,Critical,11,4,700–900,800,330.78113128160913,1.0852399320262767,2,True
0,Critical,11,5,900–1100,1000,392.3944,1.2873832020997376,5,False
0,Critical,11,6,1100–1400,1250,396.87283333333335,1.3020762248468942,6,False
0,Critical,11,7,1400–1700,1550,640.8884418581177,2.102652368300911,2,True
0,Critical,11,8,1700–2100,1900,785.6051867938216,2.577444838562407,0,True
0,Critical,11,9,2100–2500,2300,950.9957524346263,3.1200648045755455,0,True
0,Critical,12,0,0–150,75,31.010731057650855,0.10174124362746342,0,True
0,Critical,12,1,150–300,225,93.03219317295257,0.3052237308823903,0,True
0,Critical,12,2,300–500,400,165.39056564080457,0.5426199660131383,0,True
0,Critical,12,3,500–700,600,248.08584846120684,0.8139299490197074,0,True
0,Critical,12,4,700–900,800,330.78113128160913,1.0852399320262767,1,True
0,Critical,12,5,900–1100,1000,413.4764141020114,1.3565499150328457,0,True
0,Critical,12,6,1100–1400,1250,516.8455176275143,1.6956873937910573,1,True
0,Critical,12,7,1400–1700,1550,640.8884418581177,2.102652368300911,0,True
0,Critical,12,8,1700–2100,1900,785.6051867938216,2.577444838562407,0,True
0,Critical,12,9,2100–2500,2300,950.9957524346263,3.1200648045755455,0,True
0,Critical,13,0,0–150,75,31.010731057650855,0.10174124362746342,0,True
0,Critical,13,1,150–300,225,93.03219317295257,0.3052237308823903,0,True
0,Critical,13,2,300–500,400,165.39056564080457,0.5426199660131383,0,True
0,Critical,13,3,500–700,600,248.08584846120684,0.8139299490197074,0,True
0,Critical,13,4,700–900,800,330.78113128160913,1.0852399320262767,0,True
0,Critical,13,5,900–1100,1000,413.4764141020114,1.3565499150328457,0,True
0,Critical,13,6,1100–1400,1250,516.8455176275143,1.6956873937910573,0,True
0,Critical,13,7,1400–1700,1550,640.8884418581177,2.102652368300911,0,True
0,Critical,13,8,1700–2100,1900,785.6051867938216,2.577444838562407,0,True
0,Critical,13,9,2100–2500,2300,950.9957524346263,3.1200648045755455,0,True
0,Critical,14,0,0–150,75,31.010731057650855,0.10174124362746342,0,True
0,Critical,14,1,150–300,225,93.03219317295257,0.3052237308823903,0,True
0,Critical,14,2,300–500,400,165.39056564080457,0.5426199660131383,0,True
0,Critical,14,3,500–700,600,248.08584846120684,0.8139299490197074,0,True
0,Critical,14,4,700–900,800,330.78113128160913,1.0852399320262767,0,True
0,Critical,14,5,900–1100,1000,413.4764141020114,1.3565499150328457,0,True
0,Critical,14,6,1100–1400,1250,516.8455176275143,1.6956873937910573,0,True
0,Critical,14,7,1400–1700,1550,640.8884418581177,2.102652368300911,0,True
0,Critical,14,8,1700–2100,1900,785.6051867938216,2.577444838562407,0,True
0,Critical,14,9,2100–2500,2300,950.9957524346263,3.1200648045755455,0,True
0,Dry,1,0,0–150,75,30.78523678845643,0.10100143303299354,0,True
0,Dry,1,1,150–300,225,92.35571036536929,0.3030042990989806,0,True
0,Dry,1,2,300–500,400,164.18792953843428,0.5386743095092987,0,True
0,Dry,1,3,500–700,600,246.28189430765144,0.8080114642639483,0,True
0,Dry,1,4,700–900,800,328.37585907686855,1.0773486190185975,0,True
0,Dry,1,5,900–1100,1000,410.4698238460857,1.3466857737732472,0,True
0,Dry,1,6,1100–1400,1250,513.0872798076072,1.683357217216559,0,True
0,Dry,1,7,1400–1700,1550,636.2282269614328,2.087362949348533,0,True
0,Dry,1,8,1700–2100,1900,779.8926653075629,2.5587029701691693,0,True
0,Dry,1,9,2100–2500,2300,944.0805948459971,3.097377279678468,0,True
0,Dry,2,0,0–150,75,30.78523678845643,0.10100143303299354,0,True
0,Dry,2,1,150–300,225,92.35571036536929,0.3030042990989806,0,True
0,Dry,2,2,300–500,400,164.18792953843428,0.5386743095092987,0,True
0,Dry,2,3,500–700,600,246.28189430765144,0.8080114642639483,0,True
0,Dry,2,4,700–900,800,328.37585907686855,1.0773486190185975,0,True
0,Dry,2,5,900–1100,1000,410.4698238460857,1.3466857737732472,0,True
0,Dry,2,6,1100–1400,1250,513.0872798076072,1.683357217216559,0,True
0,Dry,2,7,1400–1700,1550,636.2282269614328,2.087362949348533,0,True
0,Dry,2,8,1700–2100,1900,779.8926653075629,2.5587029701691693,0,True
0,Dry,2,9,2100–2500,2300,944.0805948459971,3.097377279678468,0,True
0,Dry,3,0,0–150,75,30.78523678845643,0.10100143303299354,0,True
0,Dry,3,1,150–300,225,92.35571036536929,0.3030042990989806,0,True
0,Dry,3,2,300–500,400,164.18792953843428,0.5386743095092987,0,True
0,Dry,3,3,500–700,600,246.28189430765144,0.8080114642639483,1,True
0,Dry,3,4,700–900,800,328.37585907686855,1.0773486190185975,1,True
0,Dry,3,5,900–1100,1000,410.4698238460857,1.3466857737732472,0,True
0,Dry,3,6,1100–1400,1250,513.0872798076072,1.683357217216559,0,True
0,Dry,3,7,1400–1700,1550,636.2282269614328,2.087362949348533,0,True
0,Dry,3,8,1700–2100,1900,779.8926653075629,2.5587029701691693,0,True
0,Dry,3,9,2100–2500,2300,944.0805948459971,3.097377279678468,0,True
0,Dry,4,0,0–150,75,30.78523678845643,0.10100143303299354,0,True
0,Dry,4,1,150–300,225,92.35571036536929,0.3030042990989806,0,True
0,Dry,4,2,300–500,400,164.18792953843428,0.5386743095092987,1,True
0,Dry,4,3,500–700,600,246.28189430765144,0.8080114642639483,2,True
0,Dry,4,4,700–900,800,465.26989999999995,1.5264760498687662,10,False
0,Dry,4,5,900–1100,1000,410.4698238460857,1.3466857737732472,0,True
0,Dry,4,6,1100–1400,1250,513.0872798076072,1.683357217216559,0,True
0,Dry,4,7,1400–1700,1550,636.2282269614328,2.087362949348533,0,True
0,Dry,4,8,1700–2100,1900,779.8926653075629,2.5587029701691693,0,True
0,Dry,4,9,2100–2500,2300,944.0805948459971,3.097377279678468,0,True
0,Dry,5,0,0–150,75,30.78523678845643,0.10100143303299354,0,True
0,Dry,5,1,150–300,225,92.35571036536929,0.3030042990989806,0,True
0,Dry,5,2,300–500,400,164.18792953843428,0.5386743095092987,1,True
0,Dry,5,3,500–700,600,191.1287142857143,0.6270627109111361,14,False
0,Dry,5,4,700–900,800,419.0546470588235,1.374851204261232,34,False
0,Dry,5,5,900–1100,1000,449.89890909090917,1.476046289668337,11,False
0,Dry,5,6,1100–1400,1250,513.0872798076072,1.683357217216559,1,True
0,Dry,5,7,1400–1700,1550,636.2282269614328,2.087362949348533,0,True
0,Dry,5,8,1700–2100,1900,779.8926653075629,2.5587029701691693,0,True
0,Dry,5,9,2100–2500,2300,944.0805948459971,3.097377279678468,0,True
0,Dry,6,0,0–150,75,30.78523678845643,0.10100143303299354,0,True
0,Dry,6,1,150–300,225,92.35571036536929,0.3030042990989806,0,True
0,Dry,6,2,300–500,400,164.18792953843428,0.5386743095092987,0,True
0,Dry,6,3,500–700,600,228.42988235294118,0.7494418712366836,17,False
0,Dry,6,4,700–900,800,365.4185166666666,1.1988796478565178,120,False
0,Dry,6,5,900–1100,1000,454.55725352112677,1.4913295719197073,71,False
0,Dry,6,6,1100–1400,1250,354.7196,1.163778215223097,5,False
0,Dry,6,7,1400–1700,1550,636.2282269614328,2.087362949348533,0,True
0,Dry,6,8,1700–2100,1900,779.8926653075629,2.5587029701691693,0,True
0,Dry,6,9,2100–2500,2300,944.0805948459971,3.097377279678468,0,True
0,Dry,7,0,0–150,75,30.78523678845643,0.10100143303299354,0,True
0,Dry,7,1,150–300,225,92.35571036536929,0.3030042990989806,0,True
0,Dry,7,2,300–500,400,164.18792953843428,0.5386743095092987,1,True
0,Dry,7,3,500–700,600,250.94446153846152,0.8233086008479709,13,False
0,Dry,7,4,700–900,800,363.5093421052632,1.1926159517889212,152,False
0,Dry,7,5,900–1100,1000,429.0581777003485,1.4076711866809333,287,False
0,Dry,7,6,1100–1400,1250,464.080695652174,1.5225744608010956,69,False
0,Dry,7,7,1400–1700,1550,636.2282269614328,2.087362949348533,0,True
0,Dry,7,8,1700–2100,1900,779.8926653075629,2.5587029701691693,0,True
0,Dry,7,9,2100–2500,2300,944.0805948459971,3.097377279678468,0,True
0,Dry,8,0,0–150,75,30.78523678845643,0.10100143303299354,0,True
0,Dry,8,1,150–300,225,92.35571036536929,0.3030042990989806,0,True
0,Dry,8,2,300–500,400,164.18792953843428,0.5386743095092987,1,True
0,Dry,8,3,500–700,600,201.4875,0.6610482283464567,8,False
0,Dry,8,4,700–900,800,348.2344494382022,1.1425014745347841,89,False
0,Dry,8,5,900–1100,1000,409.46550837988826,1.3433907755245678,358,False
0,Dry,8,6,1100–1400,1250,446.53416494845357,1.465007102849257,194,False
0,Dry,8,7,1400–1700,1550,636.2282269614328,2.087362949348533,1,True
0,Dry,8,8,1700–2100,1900,779.8926653075629,2.5587029701691693,0,True
0,Dry,8,9,2100–2500,2300,944.0805948459971,3.097377279678468,0,True
0,Dry,9,0,0–150,75,30.78523678845643,0.10100143303299354,0,True
0,Dry,9,1,150–300,225,92.35571036536929,0.3030042990989806,0,True
0,Dry,9,2,300–500,400,164.18792953843428,0.5386743095092987,0,True
0,Dry,9,3,500–700,600,246.28189430765144,0.8080114642639483,0,True
0,Dry,9,4,700–900,800,304.621125,0.9994131397637795,16,False
0,Dry,9,5,900–1100,1000,402.59524031007754,1.3208505259516978,129,False
0,Dry,9,6,1100–1400,1250,461.7393309859155,1.5148928181952608,142,False
0,Dry,9,7,1400–1700,1550,636.2282269614328,2.087362949348533,3,True
0,Dry,9,8,1700–2100,1900,779.8926653075629,2.5587029701691693,0,True
0,Dry,9,9,2100–2500,2300,944.0805948459971,3.097377279678468,0,True
0,Dry,10,0,0–150,75,30.78523678845643,0.10100143303299354,0,True
0,Dry,10,1,150–300,225,92.35571036536929,0.3030042990989806,0,True
0,Dry,10,2,300–500,400,164.18792953843428,0.5386743095092987,0,True
0,Dry,10,3,500–700,600,246.28189430765144,0.8080114642639483,0,True
0,Dry,10,4,700–900,800,328.37585907686855,1.0773486190185975,1,True
0,Dry,10,5,900–1100,1000,390.4182222222223,1.2808996792067662,18,False
0,Dry,10,6,1100–1400,1250,480.1162666666668,1.5751846019247597,15,False
0,Dry,10,7,1400–1700,1550,636.2282269614328,2.087362949348533,1,True
0,Dry,10,8,1700–2100,1900,779.8926653075629,2.5587029701691693,0,True
0,Dry,10,9,2100–2500,2300,944.0805948459971,3.097377279678468,0,True
0,Dry,11,0,0–150,75,30.78523678845643,0.10100143303299354,0,True
0,Dry,11,1,150–300,225,92.35571036536929,0.3030042990989806,0,True
0,Dry,11,2,300–500,400,164.18792953843428,0.5386743095092987,0,True
0,Dry,11,3,500–700,600,246.28189430765144,0.8080114642639483,0,True
0,Dry,11,4,700–900,800,328.37585907686855,1.0773486190185975,0,True
0,Dry,11,5,900–1100,1000,410.4698238460857,1.3466857737732472,1,True
0,Dry,11,6,1100–1400,1250,513.0872798076072,1.683357217216559,1,True
0,Dry,11,7,1400–1700,1550,636.2282269614328,2.087362949348533,1,True
0,Dry,11,8,1700–2100,1900,779.8926653075629,2.5587029701691693,0,True
0,Dry,11,9,2100–2500,2300,944.0805948459971,3.097377279678468,0,True
0,Dry,12,0,0–150,75,30.78523678845643,0.10100143303299354,0,True
0,Dry,12,1,150–300,225,92.35571036536929,0.3030042990989806,0,True
0,Dry,12,2,300–500,400,164.18792953843428,0.5386743095092987,0,True
0,Dry,12,3,500–700,600,246.28189430765144,0.8080114642639483,0,True
0,Dry,12,4,700–900,800,328.37585907686855,1.0773486190185975,0,True
0,Dry,12,5,900–1100,1000,410.4698238460857,1.3466857737732472,0,True
0,Dry,12,6,1100–1400,1250,513.0872798076072,1.683357217216559,0,True
0,Dry,12,7,1400–1700,1550,636.2282269614328,2.087362949348533,0,True
0,Dry,12,8,1700–2100,1900,779.8926653075629,2.5587029701691693,0,True
0,Dry,12,9,2100–2500,2300,944.0805948459971,3.097377279678468,0,True
0,Dry,13,0,0–150,75,30.78523678845643,0.10100143303299354,0,True
0,Dry,13,1,150–300,225,92.35571036536929,0.3030042990989806,0,True
0,Dry,13,2,300–500,400,164.18792953843428,0.5386743095092987,0,True
0,Dry,13,3,500–700,600,246.28189430765144,0.8080114642639483,0,True
0,Dry,13,4,700–900,800,328.37585907686855,1.0773486190185975,0,True
0,Dry,13,5,900–1100,1000,410.4698238460857,1.3466857737732472,0,True
0,Dry,13,6,1100–1400,1250,513.0872798076072,1.683357217216559,0,True
0,Dry,13,7,1400–1700,1550,636.2282269614328,2.087362949348533,0,True
0,Dry,13,8,1700–2100,1900,779.8926653075629,2.5587029701691693,0,True
0,Dry,13,9,2100–2500,2300,944.0805948459971,3.097377279678468,0,True
0,Dry,14,0,0–150,75,30.78523678845643,0.10100143303299354,0,True
0,Dry,14,1,150–300,225,92.35571036536929,0.3030042990989806,0,True
0,Dry,14,2,300–500,400,164.18792953843428,0.5386743095092987,0,True
0,Dry,14,3,500–700,600,246.28189430765144,0.8080114642639483,0,True
0,Dry,14,4,700–900,800,328.37585907686855,1.0773486190185975,0,True
0,Dry,14,5,900–1100,1000,410.4698238460857,1.3466857737732472,0,True
0,Dry,14,6,1100–1400,1250,513.0872798076072,1.683357217216559,0,True
0,Dry,14,7,1400–1700,1550,636.2282269614328,2.087362949348533,0,True
0,Dry,14,8,1700–2100,1900,779.8926653075629,2.5587029701691693,0,True
0,Dry,14,9,2100–2500,2300,944.0805948459971,3.097377279678468,0,True
0,Above Normal,1,0,0–150,75,23.3975,0.07676345144356955,10,False
0,Above Normal,1,1,150–300,225,20.211153846153845,0.06630955986270946,13,False
0,Above Normal,1,2,300–500,400,164.79386380041382,0.5406622828097566,2,True
0,Above Normal,1,3,500–700,600,247.19079570062075,0.8109934242146349,0,True
0,Above Normal,1,4,700–900,800,329.58772760082763,1.0813245656195132,0,True
0,Above Normal,1,5,900–1100,1000,411.98465950103457,1.3516557070243915,0,True
0,Above Normal,1,6,1100–1400,1250,514.9808243762932,1.6895696337804893,0,True
0,Above Normal,1,7,1400–1700,1550,638.5762222266036,2.095066345887807,0,True
0,Above Normal,1,8,1700–2100,1900,782.7708530519657,2.5681458433463438,0,True
0,Above Normal,1,9,2100–2500,2300,947.5647168523795,3.108808126156101,0,True
0,Above Normal,2,0,0–150,75,0.0,0.0,9,False
0,Above Normal,2,1,150–300,225,62.996352941176475,0.2066809479697391,34,False
0,Above Normal,2,2,300–500,400,188.3245416666667,0.6178626695100613,24,False
0,Above Normal,2,3,500–700,600,247.19079570062075,0.8109934242146349,4,True
0,Above Normal,2,4,700–900,800,329.58772760082763,1.0813245656195132,2,True
0,Above Normal,2,5,900–1100,1000,411.98465950103457,1.3516557070243915,0,True
0,Above Normal,2,6,1100–1400,1250,514.9808243762932,1.6895696337804893,0,True
0,Above Normal,2,7,1400–1700,1550,638.5762222266036,2.095066345887807,0,True
0,Above Normal,2,8,1700–2100,1900,782.7708530519657,2.5681458433463438,0,True
0,Above Normal,2,9,2100–2500,2300,947.5647168523795,3.108808126156101,0,True
0,Above Normal,3,0,0–150,75,12.702666666666667,0.04167541557305337,9,False
0,Above Normal,3,1,150–300,225,46.69218181818182,0.1531895728942973,22,False
0,Above Normal,3,2,300–500,400,149.04769696969697,0.48900163047800843,33,False
0,Above Normal,3,3,500–700,600,283.11255555555556,0.928846967045786,9,False
0,Above Normal,3,4,700–900,800,536.070875,1.758762713254593,8,False
0,Above Normal,3,5,900–1100,1000,411.98465950103457,1.3516557070243915,0,True
0,Above Normal,3,6,1100–1400,1250,514.9808243762932,1.6895696337804893,0,True
0,Above Normal,3,7,1400–1700,1550,638.5762222266036,2.095066345887807,0,True
0,Above Normal,3,8,1700–2100,1900,782.7708530519657,2.5681458433463438,0,True
0,Above Normal,3,9,2100–2500,2300,947.5647168523795,3.108808126156101,0,True
0,Above Normal,4,0,0–150,75,30.898849462577594,0.10137417802682937,2,True
0,Above Normal,4,1,150–300,225,31.173000000000002,0.10227362204724409,20,False
0,Above Normal,4,2,300–500,400,115.43710204081631,0.378730649740211,49,False
0,Above Normal,4,3,500–700,600,235.64738461538462,0.7731213406016556,26,False
0,Above Normal,4,4,700–900,800,362.966,1.1908333333333334,14,False
0,Above Normal,4,5,900–1100,1000,411.98465950103457,1.3516557070243915,2,True
0,Above Normal,4,6,1100–1400,1250,514.9808243762932,1.6895696337804893,0,True
0,Above Normal,4,7,1400–1700,1550,638.5762222266036,2.095066345887807,0,True
0,Above Normal,4,8,1700–2100,1900,782.7708530519657,2.5681458433463438,0,True
0,Above Normal,4,9,2100–2500,2300,947.5647168523795,3.108808126156101,0,True
0,Above Normal,5,0,0–150,75,30.898849462577594,0.10137417802682937,0,True
0,Above Normal,5,1,150–300,225,28.05033333333333,0.09202865266841644,12,False
0,Above Normal,5,2,300–500,400,62.39165217391305,0.2046970215679562,46,False
0,Above Normal,5,3,500–700,600,283.3812537313433,0.9297285227406276,67,False
0,Above Normal,5,4,700–900,800,405.85996590909093,1.3315615679432116,88,False
0,Above Normal,5,5,900–1100,1000,510.3472222222223,1.674367526975795,27,False
0,Above Normal,5,6,1100–1400,1250,514.9808243762932,1.6895696337804893,1,True
0,Above Normal,5,7,1400–1700,1550,638.5762222266036,2.095066345887807,0,True
0,Above Normal,5,8,1700–2100,1900,782.7708530519657,2.5681458433463438,0,True
0,Above Normal,5,9,2100–2500,2300,947.5647168523795,3.108808126156101,0,True
0,Above Normal,6,0,0–150,75,30.898849462577594,0.10137417802682937,0,True
0,Above Normal,6,1,150–300,225,6.414142857142857,0.021043775778027747,7,False
0,Above Normal,6,2,300–500,400,91.26489130434784,0.29942549640534066,46,False
0,Above Normal,6,3,500–700,600,225.28988,0.7391400262467192,50,False
0,Above Normal,6,4,700–900,800,377.2315213675214,1.2376362249590596,117,False
0,Above Normal,6,5,900–1100,1000,461.78952777777783,1.5150575058326043,72,False
0,Above Normal,6,6,1100–1400,1250,548.6499,1.8000324803149605,20,False
0,Above Normal,6,7,1400–1700,1550,638.5762222266036,2.095066345887807,0,True
0,Above Normal,6,8,1700–2100,1900,782.7708530519657,2.5681458433463438,0,True
0,Above Normal,6,9,2100–2500,2300,947.5647168523795,3.108808126156101,0,True
0,Above Normal,7,0,0–150,75,30.898849462577594,0.10137417802682937,0,True
0,Above Normal,7,1,150–300,225,92.69654838773278,0.3041225340804881,2,True
0,Above Normal,7,2,300–500,400,47.181999999999995,0.15479658792650916,6,False
0,Above Normal,7,3,500–700,600,179.23445652173913,0.5880395555175169,46,False
0,Above Normal,7,4,700–900,800,366.76588571428573,1.2033001499812523,140,False
0,Above Normal,7,5,900–1100,1000,434.57044311377246,1.4257560469611956,167,False
0,Above Normal,7,6,1100–1400,1250,442.1921355932203,1.4507615997152896,59,False
0,Above Normal,7,7,1400–1700,1550,638.5762222266036,2.095066345887807,0,True
0,Above Normal,7,8,1700–2100,1900,782.7708530519657,2.5681458433463438,0,True
0,Above Normal,7,9,2100–2500,2300,947.5647168523795,3.108808126156101,0,True
0,Above Normal,8,0,0–150,75,30.898849462577594,0.10137417802682937,0,True
0,Above Normal,8,1,150–300,225,92.69654838773278,0.3041225340804881,2,True
0,Above Normal,8,2,300–500,400,164.79386380041382,0.5406622828097566,4,True
0,Above Normal,8,3,500–700,600,204.0596111111111,0.6694869130941965,18,False
0,Above Normal,8,4,700–900,800,340.08110169491533,1.1157516459806933,59,False
0,Above Normal,8,5,900–1100,1000,395.92772222222214,1.2989754666083404,126,False
0,Above Normal,8,6,1100–1400,1250,455.2544912280702,1.4936170972049547,114,False
0,Above Normal,8,7,1400–1700,1550,638.5762222266036,2.095066345887807,3,True
0,Above Normal,8,8,1700–2100,1900,782.7708530519657,2.5681458433463438,0,True
0,Above Normal,8,9,2100–2500,2300,947.5647168523795,3.108808126156101,0,True
0,Above Normal,9,0,0–150,75,30.898849462577594,0.10137417802682937,0,True
0,Above Normal,9,1,150–300,225,92.69654838773278,0.3041225340804881,0,True
0,Above Normal,9,2,300–500,400,164.79386380041382,0.5406622828097566,2,True
0,Above Normal,9,3,500–700,600,247.19079570062075,0.8109934242146349,2,True
0,Above Normal,9,4,700–900,800,351.1791764705882,1.1521626524625597,17,False
0,Above Normal,9,5,900–1100,1000,417.30940677966106,1.369125350326972,59,False
0,Above Normal,9,6,1100–1400,1250,447.0338703703704,1.466646556333236,54,False
0,Above Normal,9,7,1400–1700,1550,638.5762222266036,2.095066345887807,4,True
0,Above Normal,9,8,1700–2100,1900,782.7708530519657,2.5681458433463438,0,True
0,Above Normal,9,9,2100–2500,2300,947.5647168523795,3.108808126156101,0,True
0,Above Normal,10,0,0–150,75,30.898849462577594,0.10137417802682937,0,True
0,Above Normal,10,1,150–300,225,92.69654838773278,0.3041225340804881,0,True
0,Above Normal,10,2,300–500,400,164.79386380041382,0.5406622828097566,0,True
0,Above Normal,10,3,500–700,600,247.19079570062075,0.8109934242146349,0,True
0,Above Normal,10,4,700–900,800,329.58772760082763,1.0813245656195132,0,True
0,Above Normal,10,5,900–1100,1000,450.5693,1.4782457349081364,10,False
0,Above Normal,10,6,1100–1400,1250,514.9808243762932,1.6895696337804893,1,True
0,Above Normal,10,7,1400–1700,1550,638.5762222266036,2.095066345887807,0,True
0,Above Normal,10,8,1700–2100,1900,782.7708530519657,2.5681458433463438,0,True
0,Above Normal,10,9,2100–2500,2300,947.5647168523795,3.108808126156101,0,True
0,Above Normal,11,0,0–150,75,30.898849462577594,0.10137417802682937,0,True
0,Above Normal,11,1,150–300,225,92.69654838773278,0.3041225340804881,0,True
0,Above Normal,11,2,300–500,400,164.79386380041382,0.5406622828097566,0,True
0,Above Normal,11,3,500–700,600,247.19079570062075,0.8109934242146349,0,True
0,Above Normal,11,4,700–900,800,329.58772760082763,1.0813245656195132,0,True
0,Above Normal,11,5,900–1100,1000,411.98465950103457,1.3516557070243915,4,True
0,Above Normal,11,6,1100–1400,1250,514.9808243762932,1.6895696337804893,1,True
0,Above Normal,11,7,1400–1700,1550,638.5762222266036,2.095066345887807,0,True
0,Above Normal,11,8,1700–2100,1900,782.7708530519657,2.5681458433463438,0,True
0,Above Normal,11,9,2100–2500,2300,947.5647168523795,3.108808126156101,0,True
0,Above Normal,12,0,0–150,75,30.898849462577594,0.10137417802682937,0,True
0,Above Normal,12,1,150–300,225,92.69654838773278,0.3041225340804881,0,True
0,Above Normal,12,2,300–500,400,164.79386380041382,0.5406622828097566,0,True
0,Above Normal,12,3,500–700,600,247.19079570062075,0.8109934242146349,0,True
0,Above Normal,12,4,700–900,800,329.58772760082763,1.0813245656195132,0,True
0,Above Normal,12,5,900–1100,1000,411.98465950103457,1.3516557070243915,0,True
0,Above Normal,12,6,1100–1400,1250,514.9808243762932,1.6895696337804893,0,True
0,Above Normal,12,7,1400–1700,1550,638.5762222266036,2.095066345887807,0,True
0,Above Normal,12,8,1700–2100,1900,782.7708530519657,2.5681458433463438,0,True
0,Above Normal,12,9,2100–2500,2300,947.5647168523795,3.108808126156101,0,True
0,Above Normal,13,0,0–150,75,30.898849462577594,0.10137417802682937,0,True
0,Above Normal,13,1,150–300,225,92.69654838773278,0.3041225340804881,0,True
0,Above Normal,13,2,300–500,400,164.79386380041382,0.5406622828097566,0,True
0,Above Normal,13,3,500–700,600,247.19079570062075,0.8109934242146349,0,True
0,Above Normal,13,4,700–900,800,329.58772760082763,1.0813245656195132,0,True
0,Above Normal,13,5,900–1100,1000,411.98465950103457,1.3516557070243915,0,True
0,Above Normal,13,6,1100–1400,1250,514.9808243762932,1.6895696337804893,0,True
0,Above Normal,13,7,1400–1700,1550,638.5762222266036,2.095066345887807,0,True
0,Above Normal,13,8,1700–2100,1900,782.7708530519657,2.5681458433463438,0,True
0,Above Normal,13,9,2100–2500,2300,947.5647168523795,3.108808126156101,0,True
0,Above Normal,14,0,0–150,75,30.898849462577594,0.10137417802682937,0,True
0,Above Normal,14,1,150–300,225,92.69654838773278,0.3041225340804881,0,True
0,Above Normal,14,2,300–500,400,164.79386380041382,0.5406622828097566,0,True
0,Above Normal,14,3,500–700,600,247.19079570062075,0.8109934242146349,0,True
0,Above Normal,14,4,700–900,800,329.58772760082763,1.0813245656195132,0,True
0,Above Normal,14,5,900–1100,1000,411.98465950103457,1.3516557070243915,0,True
0,Above Normal,14,6,1100–1400,1250,514.9808243762932,1.6895696337804893,0,True
0,Above Normal,14,7,1400–1700,1550,638.5762222266036,2.095066345887807,0,True
0,Above Normal,14,8,1700–2100,1900,782.7708530519657,2.5681458433463438,0,True
0,Above Normal,14,9,2100–2500,2300,947.5647168523795,3.108808126156101,0,True
0,Wet,1,0,0–150,75,32.22826218602845,0.105735768326865,1,True
0,Wet,1,1,150–300,225,96.68478655808535,0.31720730498059496,0,True
0,Wet,1,2,300–500,400,171.88406499215174,0.56392409774328,0,True
0,Wet,1,3,500–700,600,257.8260974882276,0.84588614661492,0,True
0,Wet,1,4,700–900,800,343.76812998430347,1.12784819548656,0,True
0,Wet,1,5,900–1100,1000,429.7101624803794,1.4098102443582001,0,True
0,Wet,1,6,1100–1400,1250,537.1377031004741,1.7622628054477498,0,True
0,Wet,1,7,1400–1700,1550,666.050751844588,2.18520587875521,0,True
0,Wet,1,8,1700–2100,1900,816.4493087127207,2.6786394642805798,0,True
0,Wet,1,9,2100–2500,2300,988.3333737048725,3.24256356202386,0,True
0,Wet,2,0,0–150,75,11.49025,0.03769767060367454,8,False
0,Wet,2,1,150–300,225,0.0,0.0,10,False
0,Wet,2,2,300–500,400,171.88406499215174,0.56392409774328,3,True
0,Wet,2,3,500–700,600,257.8260974882276,0.84588614661492,0,True
0,Wet,2,4,700–900,800,343.76812998430347,1.12784819548656,0,True
0,Wet,2,5,900–1100,1000,429.7101624803794,1.4098102443582001,0,True
0,Wet,2,6,1100–1400,1250,537.1377031004741,1.7622628054477498,0,True
0,Wet,2,7,1400–1700,1550,666.050751844588,2.18520587875521,0,True
0,Wet,2,8,1700–2100,1900,816.4493087127207,2.6786394642805798,0,True
0,Wet,2,9,2100–2500,2300,988.3333737048725,3.24256356202386,0,True
0,Wet,3,0,0–150,75,32.22826218602845,0.105735768326865,4,True
0,Wet,3,1,150–300,225,28.840999999999998,0.09462270341207348,24,False
0,Wet,3,2,300–500,400,99.02884615384617,0.3248977892186554,13,False
0,Wet,3,3,500–700,600,361.0023333333333,1.1843908573928257,6,False
0,Wet,3,4,700–900,800,343.76812998430347,1.12784819548656,4,True
0,Wet,3,5,900–1100,1000,429.7101624803794,1.4098102443582001,0,True
0,Wet,3,6,1100–1400,1250,537.1377031004741,1.7622628054477498,0,True
0,Wet,3,7,1400–1700,1550,666.050751844588,2.18520587875521,0,True
0,Wet,3,8,1700–2100,1900,816.4493087127207,2.6786394642805798,0,True
0,Wet,3,9,2100–2500,2300,988.3333737048725,3.24256356202386,0,True
0,Wet,4,0,0–150,75,0.0,0.0,6,False
0,Wet,4,1,150–300,225,22.26323529411765,0.07304211054500541,17,False
0,Wet,4,2,300–500,400,84.10593478260868,0.2759381062421545,46,False
0,Wet,4,3,500–700,600,355.13041379310346,1.1651260295049326,29,False
0,Wet,4,4,700–900,800,469.9059444444444,1.5416861694371535,18,False
0,Wet,4,5,900–1100,1000,545.6133333333333,1.7900699912510936,6,False
0,Wet,4,6,1100–1400,1250,537.1377031004741,1.7622628054477498,0,True
0,Wet,4,7,1400–1700,1550,666.050751844588,2.18520587875521,0,True
0,Wet,4,8,1700–2100,1900,816.4493087127207,2.6786394642805798,0,True
0,Wet,4,9,2100–2500,2300,988.3333737048725,3.24256356202386,0,True
0,Wet,5,0,0–150,75,32.22826218602845,0.105735768326865,2,True
0,Wet,5,1,150–300,225,31.71781818181819,0.10406108327368171,11,False
0,Wet,5,2,300–500,400,95.15895312500001,0.31220128978018374,64,False
0,Wet,5,3,500–700,600,284.5772795698925,0.9336524920272062,93,False
0,Wet,5,4,700–900,800,418.19254838709685,1.3720227965455933,93,False
0,Wet,5,5,900–1100,1000,491.23253333333344,1.6116552930883643,15,False
0,Wet,5,6,1100–1400,1250,587.6238571428572,1.9278997937757782,7,False
0,Wet,5,7,1400–1700,1550,666.050751844588,2.18520587875521,0,True
0,Wet,5,8,1700–2100,1900,816.4493087127207,2.6786394642805798,0,True
0,Wet,5,9,2100–2500,2300,988.3333737048725,3.24256356202386,0,True
0,Wet,6,0,0–150,75,32.22826218602845,0.105735768326865,0,True
0,Wet,6,1,150–300,225,96.68478655808535,0.31720730498059496,2,True
0,Wet,6,2,300–500,400,109.44551428571428,0.3590732095988001,35,False
0,Wet,6,3,500–700,600,274.4233103448276,0.9003389447008779,116,False
0,Wet,6,4,700–900,800,392.1336578947368,1.2865277489984803,304,False
0,Wet,6,5,900–1100,1000,442.1223455882353,1.4505326298826617,136,False
0,Wet,6,6,1100–1400,1250,497.72983333333343,1.632971894138233,30,False
0,Wet,6,7,1400–1700,1550,666.050751844588,2.18520587875521,0,True
0,Wet,6,8,1700–2100,1900,816.4493087127207,2.6786394642805798,0,True
0,Wet,6,9,2100–2500,2300,988.3333737048725,3.24256356202386,0,True
0,Wet,7,0,0–150,75,32.22826218602845,0.105735768326865,0,True
0,Wet,7,1,150–300,225,96.68478655808535,0.31720730498059496,2,True
0,Wet,7,2,300–500,400,103.9713,0.34111318897637793,10,False
0,Wet,7,3,500–700,600,277.62283749999995,0.9108360810367452,80,False
0,Wet,7,4,700–900,800,389.75188888888886,1.2787135462233885,360,False
0,Wet,7,5,900–1100,1000,435.6609328358209,1.429333769146394,402,False
0,Wet,7,6,1100–1400,1250,456.0233899371069,1.4961397307647863,159,False
0,Wet,7,7,1400–1700,1550,582.6060000000001,1.911437007874016,5,False
0,Wet,7,8,1700–2100,1900,816.4493087127207,2.6786394642805798,0,True
0,Wet,7,9,2100–2500,2300,988.3333737048725,3.24256356202386,0,True
0,Wet,8,0,0–150,75,32.22826218602845,0.105735768326865,0,True
0,Wet,8,1,150–300,225,96.68478655808535,0.31720730498059496,0,True
0,Wet,8,2,300–500,400,171.88406499215174,0.56392409774328,2,True
0,Wet,8,3,500–700,600,264.24804166666667,0.86695551727909,24,False
0,Wet,8,4,700–900,800,366.3954130434783,1.2020846884628553,230,False
0,Wet,8,5,900–1100,1000,425.26447887323945,1.3952246682192895,426,False
0,Wet,8,6,1100–1400,1250,471.79365423728825,1.5478794430357226,295,False
0,Wet,8,7,1400–1700,1550,550.4138,1.8058195538057744,5,False
0,Wet,8,8,1700–2100,1900,816.4493087127207,2.6786394642805798,0,True
0,Wet,8,9,2100–2500,2300,988.3333737048725,3.24256356202386,0,True
0,Wet,9,0,0–150,75,32.22826218602845,0.105735768326865,0,True
0,Wet,9,1,150–300,225,96.68478655808535,0.31720730498059496,0,True
0,Wet,9,2,300–500,400,171.88406499215174,0.56392409774328,1,True
0,Wet,9,3,500–700,600,257.8260974882276,0.84588614661492,3,True
0,Wet,9,4,700–900,800,371.33254,1.2182826115485563,50,False
0,Wet,9,5,900–1100,1000,428.45459659090915,1.4056909336972085,176,False
0,Wet,9,6,1100–1400,1250,471.6026,1.547252624671916,140,False
0,Wet,9,7,1400–1700,1550,666.050751844588,2.18520587875521,3,True
0,Wet,9,8,1700–2100,1900,816.4493087127207,2.6786394642805798,0,True
0,Wet,9,9,2100–2500,2300,988.3333737048725,3.24256356202386,0,True
0,Wet,10,0,0–150,75,32.22826218602845,0.105735768326865,0,True
0,Wet,10,1,150–300,225,96.68478655808535,0.31720730498059496,0,True
0,Wet,10,2,300–500,400,171.88406499215174,0.56392409774328,3,True
0,Wet,10,3,500–700,600,257.8260974882276,0.84588614661492,0,True
0,Wet,10,4,700–900,800,334.82958333333335,1.098522255030621,12,False
0,Wet,10,5,900–1100,1000,432.3531714285714,1.418481533558305,35,False
0,Wet,10,6,1100–1400,1250,478.28587096774186,1.5691793666920664,31,False
0,Wet,10,7,1400–1700,1550,666.050751844588,2.18520587875521,4,True
0,Wet,10,8,1700–2100,1900,816.4493087127207,2.6786394642805798,0,True
0,Wet,10,9,2100–2500,2300,988.3333737048725,3.24256356202386,0,True
0,Wet,11,0,0–150,75,32.22826218602845,0.105735768326865,0,True
0,Wet,11,1,150–300,225,96.68478655808535,0.31720730498059496,0,True
0,Wet,11,2,300–500,400,171.88406499215174,0.56392409774328,0,True
0,Wet,11,3,500–700,600,257.8260974882276,0.84588614661492,0,True
0,Wet,11,4,700–900,800,343.76812998430347,1.12784819548656,0,True
0,Wet,11,5,900–1100,1000,388.487625,1.2745656988188976,8,False
0,Wet,11,6,1100–1400,1250,425.3727,1.3955797244094488,10,False
0,Wet,11,7,1400–1700,1550,666.050751844588,2.18520587875521,0,True
0,Wet,11,8,1700–2100,1900,816.4493087127207,2.6786394642805798,0,True
0,Wet,11,9,2100–2500,2300,988.3333737048725,3.24256356202386,0,True
0,Wet,12,0,0–150,75,32.22826218602845,0.105735768326865,0,True
0,Wet,12,1,150–300,225,96.68478655808535,0.31720730498059496,0,True
0,Wet,12,2,300–500,400,171.88406499215174,0.56392409774328,0,True
0,Wet,12,3,500–700,600,257.8260974882276,0.84588614661492,0,True
0,Wet,12,4,700–900,800,343.76812998430347,1.12784819548656,0,True
0,Wet,12,5,900–1100,1000,429.7101624803794,1.4098102443582001,0,True
0,Wet,12,6,1100–1400,1250,537.1377031004741,1.7622628054477498,1,True
0,Wet,12,7,1400–1700,1550,666.050751844588,2.18520587875521,0,True
0,Wet,12,8,1700–2100,1900,816.4493087127207,2.6786394642805798,0,True
0,Wet,12,9,2100–2500,2300,988.3333737048725,3.24256356202386,0,True
0,Wet,13,0,0–150,75,32.22826218602845,0.105735768326865,0,True
0,Wet,13,1,150–300,225,96.68478655808535,0.31720730498059496,0,True
0,Wet,13,2,300–500,400,171.88406499215174,0.56392409774328,0,True
0,Wet,13,3,500–700,600,257.8260974882276,0.84588614661492,0,True
0,Wet,13,4,700–900,800,343.76812998430347,1.12784819548656,0,True
0,Wet,13,5,900–1100,1000,429.7101624803794,1.4098102443582001,0,True
0,Wet,13,6,1100–1400,1250,537.1377031004741,1.7622628054477498,0,True
0,Wet,13,7,1400–1700,1550,666.050751844588,2.18520587875521,0,True
0,Wet,13,8,1700–2100,1900,816.4493087127207,2.6786394642805798,0,True
0,Wet,13,9,2100–2500,2300,988.3333737048725,3.24256356202386,0,True
0,Wet,14,0,0–150,75,32.22826218602845,0.105735768326865,0,True
0,Wet,14,1,150–300,225,96.68478655808535,0.31720730498059496,0,True
0,Wet,14,2,300–500,400,171.88406499215174,0.56392409774328,0,True
0,Wet,14,3,500–700,600,257.8260974882276,0.84588614661492,0,True
0,Wet,14,4,700–900,800,343.76812998430347,1.12784819548656,0,True
0,Wet,14,5,900–1100,1000,429.7101624803794,1.4098102443582001,0,True
0,Wet,14,6,1100–1400,1250,537.1377031004741,1.7622628054477498,0,True
0,Wet,14,7,1400–1700,1550,666.050751844588,2.18520587875521,0,True
0,Wet,14,8,1700–2100,1900,816.4493087127207,2.6786394642805798,0,True
0,Wet,14,9,2100–2500,2300,988.3333737048725,3.24256356202386,0,True
1,Critical,1,0,0–150,75,0.0,0.0,1,True
1,Critical,1,1,150–300,225,0.0,0.0,0,True
1,Critical,1,2,300–500,400,0.0,0.0,0,True
1,Critical,1,3,500–700,600,0.0,0.0,0,True
1,Critical,1,4,700–900,800,0.0,0.0,0,True
1,Critical,1,5,900–1100,1000,0.0,0.0,0,True
1,Critical,1,6,1100–1400,1250,0.0,0.0,0,True
1,Critical,1,7,1400–1700,1550,0.0,0.0,0,True
1,Critical,1,8,1700–2100,1900,0.0,0.0,0,True
1,Critical,1,9,2100–2500,2300,0.0,0.0,0,True
1,Critical,2,0,0–150,75,0.0,0.0,1,True
1,Critical,2,1,150–300,225,0.0,0.0,0,True
1,Critical,2,2,300–500,400,0.0,0.0,0,True
1,Critical,2,3,500–700,600,0.0,0.0,0,True
1,Critical,2,4,700–900,800,0.0,0.0,0,True
1,Critical,2,5,900–1100,1000,0.0,0.0,0,True
1,Critical,2,6,1100–1400,1250,0.0,0.0,0,True
1,Critical,2,7,1400–1700,1550,0.0,0.0,0,True
1,Critical,2,8,1700–2100,1900,0.0,0.0,0,True
1,Critical,2,9,2100–2500,2300,0.0,0.0,0,True
1,Critical,3,0,0–150,75,0.0,0.0,1,True
1,Critical,3,1,150–300,225,0.0,0.0,1,True
1,Critical,3,2,300–500,400,0.0,0.0,5,False
1,Critical,3,3,500–700,600,0.0,0.0,3,True
1,Critical,3,4,700–900,800,0.0,0.0,4,True
1,Critical,3,5,900–1100,1000,0.0,0.0,0,True
1,Critical,3,6,1100–1400,1250,0.0,0.0,0,True
1,Critical,3,7,1400–1700,1550,0.0,0.0,0,True
1,Critical,3,8,1700–2100,1900,0.0,0.0,0,True
1,Critical,3,9,2100–2500,2300,0.0,0.0,0,True
1,Critical,4,0,0–150,75,0.0,0.0,0,True
1,Critical,4,1,150–300,225,0.0,0.0,2,True
1,Critical,4,2,300–500,400,0.0,0.0,3,True
1,Critical,4,3,500–700,600,133.5056923076923,0.43801080153442357,13,False
1,Critical,4,4,700–900,800,145.18957894736843,0.4763437629506838,19,False
1,Critical,4,5,900–1100,1000,0.0,0.0,4,True
1,Critical,4,6,1100–1400,1250,0.0,0.0,0,True
1,Critical,4,7,1400–1700,1550,0.0,0.0,0,True
1,Critical,4,8,1700–2100,1900,0.0,0.0,0,True
1,Critical,4,9,2100–2500,2300,0.0,0.0,0,True
1,Critical,5,0,0–150,75,15.505365528825427,0.05087062181373171,0,True
1,Critical,5,1,150–300,225,46.51609658647629,0.15261186544119515,0,True
1,Critical,5,2,300–500,400,41.627,0.13657152230971129,10,False
1,Critical,5,3,500–700,600,130.9418085106383,0.42959910928687106,47,False
1,Critical,5,4,700–900,800,163.58752747252746,0.5367044864584234,91,False
1,Critical,5,5,900–1100,1000,189.42772413793105,0.6214820345732646,29,False
1,Critical,5,6,1100–1400,1250,142.7234285714286,0.4682527184101988,14,False
1,Critical,5,7,1400–1700,1550,320.4442209290589,1.0513261841504555,0,True
1,Critical,5,8,1700–2100,1900,392.8025933969108,1.2887224192812035,0,True
1,Critical,5,9,2100–2500,2300,475.49787621731315,1.5600324022877727,0,True
1,Critical,6,0,0–150,75,15.505365528825427,0.05087062181373171,0,True
1,Critical,6,1,150–300,225,46.51609658647629,0.15261186544119515,0,True
1,Critical,6,2,300–500,400,82.69528282040228,0.27130998300656917,2,True
1,Critical,6,3,500–700,600,118.72284615384615,0.3895106501110438,52,False
1,Critical,6,4,700–900,800,173.36371111111114,0.5687785797608633,225,False
1,Critical,6,5,900–1100,1000,186.2347688172043,0.6110064593740299,186,False
1,Critical,6,6,1100–1400,1250,159.7036551724138,0.5239621232690741,58,False
1,Critical,6,7,1400–1700,1550,320.4442209290589,1.0513261841504555,2,True
1,Critical,6,8,1700–2100,1900,392.8025933969108,1.2887224192812035,0,True
1,Critical,6,9,2100–2500,2300,475.49787621731315,1.5600324022877727,0,True
1,Critical,7,0,0–150,75,15.505365528825427,0.05087062181373171,0,True
1,Critical,7,1,150–300,225,46.51609658647629,0.15261186544119515,0,True
1,Critical,7,2,300–500,400,82.69528282040228,0.27130998300656917,1,True
1,Critical,7,3,500–700,600,129.11092105263157,0.4235922606713634,38,False
1,Critical,7,4,700–900,800,180.01033027522936,0.5905850730814611,327,False
1,Critical,7,5,900–1100,1000,216.91151552795034,0.7116519538318581,483,False
1,Critical,7,6,1100–1400,1250,227.24238793103447,0.7455458921621866,232,False
1,Critical,7,7,1400–1700,1550,289.7165714285714,0.9505136857892762,7,False
1,Critical,7,8,1700–2100,1900,392.8025933969108,1.2887224192812035,0,True
1,Critical,7,9,2100–2500,2300,475.49787621731315,1.5600324022877727,0,True
1,Critical,8,0,0–150,75,20.67382070510057,0.06782749575164229,0,True
1,Critical,8,1,150–300,225,62.021462115301716,0.20348248725492687,0,True
1,Critical,8,2,300–500,400,110.2603770938697,0.3617466440087589,2,True
1,Critical,8,3,500–700,600,86.51759999999999,0.28385039370078735,10,False
1,Critical,8,4,700–900,800,185.63038857142854,0.6090235845519308,175,False
1,Critical,8,5,900–1100,1000,224.38160268714012,0.7361601138029531,521,False
1,Critical,8,6,1100–1400,1250,252.0698424068768,0.8270007952981522,349,False
1,Critical,8,7,1400–1700,1550,265.23176666666666,0.8701829615048119,30,False
1,Critical,8,8,1700–2100,1900,523.7367911958811,1.7182965590416046,0,True
1,Critical,8,9,2100–2500,2300,633.9971682897509,2.080043203050364,0,True
1,Critical,9,0,0–150,75,20.67382070510057,0.06782749575164229,0,True
1,Critical,9,1,150–300,225,62.021462115301716,0.20348248725492687,0,True
1,Critical,9,2,300–500,400,110.2603770938697,0.3617466440087589,0,True
1,Critical,9,3,500–700,600,165.39056564080457,0.5426199660131383,4,True
1,Critical,9,4,700–900,800,167.22228888888887,0.5486295567220764,45,False
1,Critical,9,5,900–1100,1000,234.82724899598395,0.7704306069422046,249,False
1,Critical,9,6,1100–1400,1250,248.76893975903616,0.8161710622015622,166,False
1,Critical,9,7,1400–1700,1550,281.0473888888889,0.9220714858559347,18,False
1,Critical,9,8,1700–2100,1900,523.7367911958811,1.7182965590416046,0,True
1,Critical,9,9,2100–2500,2300,633.9971682897509,2.080043203050364,0,True
1,Critical,10,0,0–150,75,20.67382070510057,0.06782749575164229,0,True
1,Critical,10,1,150–300,225,62.021462115301716,0.20348248725492687,0,True
1,Critical,10,2,300–500,400,110.2603770938697,0.3617466440087589,0,True
1,Critical,10,3,500–700,600,165.39056564080457,0.5426199660131383,0,True
1,Critical,10,4,700–900,800,192.57611111111112,0.6318113881598133,9,False
1,Critical,10,5,900–1100,1000,256.77029411764704,0.8424222247954299,68,False
1,Critical,10,6,1100–1400,1250,264.5844117647059,0.8680590937162267,51,False
1,Critical,10,7,1400–1700,1550,427.25896123874514,1.4017682455339406,4,True
1,Critical,10,8,1700–2100,1900,523.7367911958811,1.7182965590416046,0,True
1,Critical,10,9,2100–2500,2300,633.9971682897509,2.080043203050364,0,True
1,Critical,11,0,0–150,75,20.67382070510057,0.06782749575164229,0,True
1,Critical,11,1,150–300,225,62.021462115301716,0.20348248725492687,0,True
1,Critical,11,2,300–500,400,110.2603770938697,0.3617466440087589,0,True
1,Critical,11,3,500–700,600,165.39056564080457,0.5426199660131383,1,True
1,Critical,11,4,700–900,800,220.5207541877394,0.7234932880175178,2,True
1,Critical,11,5,900–1100,1000,256.97860000000003,0.8431056430446194,5,False
1,Critical,11,6,1100–1400,1250,255.44999999999996,0.8380905511811022,6,False
1,Critical,11,7,1400–1700,1550,427.25896123874514,1.4017682455339406,2,True
1,Critical,11,8,1700–2100,1900,523.7367911958811,1.7182965590416046,0,True
1,Critical,11,9,2100–2500,2300,633.9971682897509,2.080043203050364,0,True
1,Critical,12,0,0–150,75,20.67382070510057,0.06782749575164229,0,True
1,Critical,12,1,150–300,225,62.021462115301716,0.20348248725492687,0,True
1,Critical,12,2,300–500,400,110.2603770938697,0.3617466440087589,0,True
1,Critical,12,3,500–700,600,165.39056564080457,0.5426199660131383,0,True
1,Critical,12,4,700–900,800,220.5207541877394,0.7234932880175178,1,True
1,Critical,12,5,900–1100,1000,275.6509427346743,0.9043666100218972,0,True
1,Critical,12,6,1100–1400,1250,344.5636784183428,1.1304582625273714,1,True
1,Critical,12,7,1400–1700,1550,427.25896123874514,1.4017682455339406,0,True
1,Critical,12,8,1700–2100,1900,523.7367911958811,1.7182965590416046,0,True
1,Critical,12,9,2100–2500,2300,633.9971682897509,2.080043203050364,0,True
1,Critical,13,0,0–150,75,23.25804829323814,0.07630593272059757,0,True
1,Critical,13,1,150–300,225,69.77414487971443,0.22891779816179272,0,True
1,Critical,13,2,300–500,400,124.04292423060343,0.40696497450985375,0,True
1,Critical,13,3,500–700,600,186.06438634590512,0.6104474617647806,0,True
1,Critical,13,4,700–900,800,248.08584846120687,0.8139299490197075,0,True
1,Critical,13,5,900–1100,1000,310.10731057650855,1.0174124362746344,0,True
1,Critical,13,6,1100–1400,1250,387.6341382206357,1.271765545343293,0,True
1,Critical,13,7,1400–1700,1550,480.6663313935883,1.5769892762256832,0,True
1,Critical,13,8,1700–2100,1900,589.2038900953662,1.933083628921805,0,True
1,Critical,13,9,2100–2500,2300,713.2468143259697,2.340048603431659,0,True
1,Critical,14,0,0–150,75,24.808584846120684,0.08139299490197074,0,True
1,Critical,14,1,150–300,225,74.42575453836206,0.24417898470591226,0,True
1,Critical,14,2,300–500,400,132.31245251264366,0.43409597281051066,0,True
1,Critical,14,3,500–700,600,198.46867876896548,0.651143959215766,0,True
1,Critical,14,4,700–900,800,264.6249050252873,0.8681919456210213,0,True
1,Critical,14,5,900–1100,1000,330.78113128160913,1.0852399320262767,0,True
1,Critical,14,6,1100–1400,1250,413.4764141020114,1.3565499150328457,0,True
1,Critical,14,7,1400–1700,1550,512.7107534864942,1.682121894640729,0,True
1,Critical,14,8,1700–2100,1900,628.4841494350574,2.0619558708499257,0,True
1,Critical,14,9,2100–2500,2300,760.796601947701,2.496051843660436,0,True
1,Dry,1,0,0–150,75,0.0,0.0,0,True
1,Dry,1,1,150–300,225,0.0,0.0,0,True
1,Dry,1,2,300–500,400,0.0,0.0,0,True
1,Dry,1,3,500–700,600,0.0,0.0,0,True
1,Dry,1,4,700–900,800,0.0,0.0,0,True
1,Dry,1,5,900–1100,1000,0.0,0.0,0,True
1,Dry,1,6,1100–1400,1250,0.0,0.0,0,True
1,Dry,1,7,1400–1700,1550,0.0,0.0,0,True
1,Dry,1,8,1700–2100,1900,0.0,0.0,0,True
1,Dry,1,9,2100–2500,2300,0.0,0.0,0,True
1,Dry,2,0,0–150,75,0.0,0.0,0,True
1,Dry,2,1,150–300,225,0.0,0.0,0,True
1,Dry,2,2,300–500,400,0.0,0.0,0,True
1,Dry,2,3,500–700,600,0.0,0.0,0,True
1,Dry,2,4,700–900,800,0.0,0.0,0,True
1,Dry,2,5,900–1100,1000,0.0,0.0,0,True
1,Dry,2,6,1100–1400,1250,0.0,0.0,0,True
1,Dry,2,7,1400–1700,1550,0.0,0.0,0,True
1,Dry,2,8,1700–2100,1900,0.0,0.0,0,True
1,Dry,2,9,2100–2500,2300,0.0,0.0,0,True
1,Dry,3,0,0–150,75,0.0,0.0,0,True
1,Dry,3,1,150–300,225,0.0,0.0,0,True
1,Dry,3,2,300–500,400,0.0,0.0,0,True
1,Dry,3,3,500–700,600,0.0,0.0,1,True
1,Dry,3,4,700–900,800,0.0,0.0,1,True
1,Dry,3,5,900–1100,1000,0.0,0.0,0,True
1,Dry,3,6,1100–1400,1250,0.0,0.0,0,True
1,Dry,3,7,1400–1700,1550,0.0,0.0,0,True
1,Dry,3,8,1700–2100,1900,0.0,0.0,0,True
1,Dry,3,9,2100–2500,2300,0.0,0.0,0,True
1,Dry,4,0,0–150,75,0.0,0.0,0,True
1,Dry,4,1,150–300,225,0.0,0.0,0,True
1,Dry,4,2,300–500,400,0.0,0.0,1,True
1,Dry,4,3,500–700,600,0.0,0.0,2,True
1,Dry,4,4,700–900,800,203.76010000000002,0.6685042650918636,10,False
1,Dry,4,5,900–1100,1000,0.0,0.0,0,True
1,Dry,4,6,1100–1400,1250,0.0,0.0,0,True
1,Dry,4,7,1400–1700,1550,0.0,0.0,0,True
1,Dry,4,8,1700–2100,1900,0.0,0.0,0,True
1,Dry,4,9,2100–2500,2300,0.0,0.0,0,True
1,Dry,5,0,0–150,75,15.392618394228215,0.05050071651649677,0,True
1,Dry,5,1,150–300,225,46.177855182684645,0.1515021495494903,0,True
1,Dry,5,2,300–500,400,82.09396476921714,0.26933715475464937,1,True
1,Dry,5,3,500–700,600,68.35614285714286,0.22426556055493063,14,False
1,Dry,5,4,700–900,800,175.04920588235296,0.5743084182491895,34,False
1,Dry,5,5,900–1100,1000,210.1437272727273,0.6894479241231211,11,False
1,Dry,5,6,1100–1400,1250,256.5436399038036,0.8416786086082795,1,True
1,Dry,5,7,1400–1700,1550,318.1141134807164,1.0436814746742664,0,True
1,Dry,5,8,1700–2100,1900,389.94633265378144,1.2793514850845846,0,True
1,Dry,5,9,2100–2500,2300,472.04029742299855,1.548688639839234,0,True
1,Dry,6,0,0–150,75,15.392618394228215,0.05050071651649677,0,True
1,Dry,6,1,150–300,225,46.177855182684645,0.1515021495494903,0,True
1,Dry,6,2,300–500,400,82.09396476921714,0.26933715475464937,0,True
1,Dry,6,3,500–700,600,99.95211764705883,0.32792689516751583,17,False
1,Dry,6,4,700–900,800,174.30885,0.5718794291338583,120,False
1,Dry,6,5,900–1100,1000,225.58174647887324,0.7400975934346234,71,False
1,Dry,6,6,1100–1400,1250,137.8024,0.45210761154855644,5,False
1,Dry,6,7,1400–1700,1550,318.1141134807164,1.0436814746742664,0,True
1,Dry,6,8,1700–2100,1900,389.94633265378144,1.2793514850845846,0,True
1,Dry,6,9,2100–2500,2300,472.04029742299855,1.548688639839234,0,True
1,Dry,7,0,0–150,75,15.392618394228215,0.05050071651649677,0,True
1,Dry,7,1,150–300,225,46.177855182684645,0.1515021495494903,0,True
1,Dry,7,2,300–500,400,82.09396476921714,0.26933715475464937,1,True
1,Dry,7,3,500–700,600,96.62953846153846,0.3170260448213204,13,False
1,Dry,7,4,700–900,800,189.30616447368425,0.6210832167771793,152,False
1,Dry,7,5,900–1100,1000,218.36263414634146,0.716412841687472,287,False
1,Dry,7,6,1100–1400,1250,240.37428985507248,0.78862955989197,69,False
1,Dry,7,7,1400–1700,1550,318.1141134807164,1.0436814746742664,0,True
1,Dry,7,8,1700–2100,1900,389.94633265378144,1.2793514850845846,0,True
1,Dry,7,9,2100–2500,2300,472.04029742299855,1.548688639839234,0,True
1,Dry,8,0,0–150,75,20.523491192304288,0.06733428868866236,0,True
1,Dry,8,1,150–300,225,61.57047357691286,0.20200286606598708,0,True
1,Dry,8,2,300–500,400,109.45861969228952,0.3591162063395325,1,True
1,Dry,8,3,500–700,600,75.368875,0.2472732119422572,8,False
1,Dry,8,4,700–900,800,184.17355056179775,0.6042439322893627,89,False
1,Dry,8,5,900–1100,1000,227.96133240223466,0.7479046338655992,358,False
1,Dry,8,6,1100–1400,1250,240.02695360824745,0.7874900052764023,194,False
1,Dry,8,7,1400–1700,1550,424.15215130762186,1.3915752995656885,1,True
1,Dry,8,8,1700–2100,1900,519.9284435383753,1.7058019801127797,0,True
1,Dry,8,9,2100–2500,2300,629.3870632306647,2.064918186452312,0,True
1,Dry,9,0,0–150,75,20.523491192304288,0.06733428868866236,0,True
1,Dry,9,1,150–300,225,61.57047357691286,0.20200286606598708,0,True
1,Dry,9,2,300–500,400,109.45861969228952,0.3591162063395325,0,True
1,Dry,9,3,500–700,600,164.1879295384343,0.5386743095092988,0,True
1,Dry,9,4,700–900,800,154.55725,0.5070775918635171,16,False
1,Dry,9,5,900–1100,1000,235.32625581395348,0.7720677684184826,129,False
1,Dry,9,6,1100–1400,1250,268.0114647887324,0.8793027059997781,142,False
1,Dry,9,7,1400–1700,1550,424.15215130762186,1.3915752995656885,3,True
1,Dry,9,8,1700–2100,1900,519.9284435383753,1.7058019801127797,0,True
1,Dry,9,9,2100–2500,2300,629.3870632306647,2.064918186452312,0,True
1,Dry,10,0,0–150,75,20.523491192304288,0.06733428868866236,0,True
1,Dry,10,1,150–300,225,61.57047357691286,0.20200286606598708,0,True
1,Dry,10,2,300–500,400,109.45861969228952,0.3591162063395325,0,True
1,Dry,10,3,500–700,600,164.1879295384343,0.5386743095092988,0,True
1,Dry,10,4,700–900,800,218.91723938457903,0.718232412679065,1,True
1,Dry,10,5,900–1100,1000,236.50227777777778,0.775926108194809,18,False
1,Dry,10,6,1100–1400,1250,286.7206,0.9406843832020997,15,False
1,Dry,10,7,1400–1700,1550,424.15215130762186,1.3915752995656885,1,True
1,Dry,10,8,1700–2100,1900,519.9284435383753,1.7058019801127797,0,True
1,Dry,10,9,2100–2500,2300,629.3870632306647,2.064918186452312,0,True
1,Dry,11,0,0–150,75,20.523491192304288,0.06733428868866236,0,True
1,Dry,11,1,150–300,225,61.57047357691286,0.20200286606598708,0,True
1,Dry,11,2,300–500,400,109.45861969228952,0.3591162063395325,0,True
1,Dry,11,3,500–700,600,164.1879295384343,0.5386743095092988,0,True
1,Dry,11,4,700–900,800,218.91723938457903,0.718232412679065,0,True
1,Dry,11,5,900–1100,1000,273.6465492307238,0.8977905158488313,1,True
1,Dry,11,6,1100–1400,1250,342.05818653840475,1.1222381448110392,1,True
1,Dry,11,7,1400–1700,1550,424.15215130762186,1.3915752995656885,1,True
1,Dry,11,8,1700–2100,1900,519.9284435383753,1.7058019801127797,0,True
1,Dry,11,9,2100–2500,2300,629.3870632306647,2.064918186452312,0,True
1,Dry,12,0,0–150,75,20.523491192304288,0.06733428868866236,0,True
1,Dry,12,1,150–300,225,61.57047357691286,0.20200286606598708,0,True
1,Dry,12,2,300–500,400,109.45861969228952,0.3591162063395325,0,True
1,Dry,12,3,500–700,600,164.1879295384343,0.5386743095092988,0,True
1,Dry,12,4,700–900,800,218.91723938457903,0.718232412679065,0,True
1,Dry,12,5,900–1100,1000,273.6465492307238,0.8977905158488313,0,True
1,Dry,12,6,1100–1400,1250,342.05818653840475,1.1222381448110392,0,True
1,Dry,12,7,1400–1700,1550,424.15215130762186,1.3915752995656885,0,True
1,Dry,12,8,1700–2100,1900,519.9284435383753,1.7058019801127797,0,True
1,Dry,12,9,2100–2500,2300,629.3870632306647,2.064918186452312,0,True
1,Dry,13,0,0–150,75,23.088927591342323,0.07575107477474514,0,True
1,Dry,13,1,150–300,225,69.26678277402696,0.22725322432423545,0,True
1,Dry,13,2,300–500,400,123.1409471538257,0.4040057321319741,0,True
1,Dry,13,3,500–700,600,184.71142073073858,0.6060085981979612,0,True
1,Dry,13,4,700–900,800,246.2818943076514,0.8080114642639482,0,True
1,Dry,13,5,900–1100,1000,307.8523678845643,1.0100143303299352,0,True
1,Dry,13,6,1100–1400,1250,384.8154598557054,1.2625179129124193,0,True
1,Dry,13,7,1400–1700,1550,477.1711702210746,1.5655222120113994,0,True
1,Dry,13,8,1700–2100,1900,584.9194989806722,1.9190272276268772,0,True
1,Dry,13,9,2100–2500,2300,708.0604461344979,2.323032959758851,0,True
1,Dry,14,0,0–150,75,24.628189430765143,0.08080114642639483,0,True
1,Dry,14,1,150–300,225,73.88456829229543,0.24240343927918445,0,True
1,Dry,14,2,300–500,400,131.35034363074743,0.4309394476074391,0,True
1,Dry,14,3,500–700,600,197.02551544612115,0.6464091714111586,0,True
1,Dry,14,4,700–900,800,262.70068726149486,0.8618788952148781,0,True
1,Dry,14,5,900–1100,1000,328.37585907686855,1.0773486190185975,0,True
1,Dry,14,6,1100–1400,1250,410.4698238460857,1.3466857737732472,0,True
1,Dry,14,7,1400–1700,1550,508.98258156914625,1.6698903594788261,0,True
1,Dry,14,8,1700–2100,1900,623.9141322460503,2.0469623761353355,0,True
1,Dry,14,9,2100–2500,2300,755.2644758767976,2.477901823742774,0,True
1,Above Normal,1,0,0–150,75,0.0,0.0,10,False
1,Above Normal,1,1,150–300,225,0.0,0.0,13,False
1,Above Normal,1,2,300–500,400,0.0,0.0,2,True
1,Above Normal,1,3,500–700,600,0.0,0.0,0,True
1,Above Normal,1,4,700–900,800,0.0,0.0,0,True
1,Above Normal,1,5,900–1100,1000,0.0,0.0,0,True
1,Above Normal,1,6,1100–1400,1250,0.0,0.0,0,True
1,Above Normal,1,7,1400–1700,1550,0.0,0.0,0,True
1,Above Normal,1,8,1700–2100,1900,0.0,0.0,0,True
1,Above Normal,1,9,2100–2500,2300,0.0,0.0,0,True
1,Above Normal,2,0,0–150,75,0.0,0.0,9,False
1,Above Normal,2,1,150–300,225,0.0,0.0,34,False
1,Above Normal,2,2,300–500,400,0.0,0.0,24,False
1,Above Normal,2,3,500–700,600,0.0,0.0,4,True
1,Above Normal,2,4,700–900,800,0.0,0.0,2,True
1,Above Normal,2,5,900–1100,1000,0.0,0.0,0,True
1,Above Normal,2,6,1100–1400,1250,0.0,0.0,0,True
1,Above Normal,2,7,1400–1700,1550,0.0,0.0,0,True
1,Above Normal,2,8,1700–2100,1900,0.0,0.0,0,True
1,Above Normal,2,9,2100–2500,2300,0.0,0.0,0,True
1,Above Normal,3,0,0–150,75,0.0,0.0,9,False
1,Above Normal,3,1,150–300,225,2.7510000000000003,0.009025590551181102,22,False
1,Above Normal,3,2,300–500,400,11.263242424242424,0.03695289509265887,33,False
1,Above Normal,3,3,500–700,600,34.13722222222222,0.1119987605715952,9,False
1,Above Normal,3,4,700–900,800,141.0655,0.4628133202099737,8,False
1,Above Normal,3,5,900–1100,1000,0.0,0.0,0,True
1,Above Normal,3,6,1100–1400,1250,0.0,0.0,0,True
1,Above Normal,3,7,1400–1700,1550,0.0,0.0,0,True
1,Above Normal,3,8,1700–2100,1900,0.0,0.0,0,True
1,Above Normal,3,9,2100–2500,2300,0.0,0.0,0,True
1,Above Normal,4,0,0–150,75,0.0,0.0,2,True
1,Above Normal,4,1,150–300,225,0.0,0.0,20,False
1,Above Normal,4,2,300–500,400,12.876836734693876,0.042246839680754183,49,False
1,Above Normal,4,3,500–700,600,60.43503846153846,0.1982776852412679,26,False
1,Above Normal,4,4,700–900,800,89.32700000000001,0.2930675853018373,14,False
1,Above Normal,4,5,900–1100,1000,0.0,0.0,2,True
1,Above Normal,4,6,1100–1400,1250,0.0,0.0,0,True
1,Above Normal,4,7,1400–1700,1550,0.0,0.0,0,True
1,Above Normal,4,8,1700–2100,1900,0.0,0.0,0,True
1,Above Normal,4,9,2100–2500,2300,0.0,0.0,0,True
1,Above Normal,5,0,0–150,75,15.449424731288797,0.050687089013414684,0,True
1,Above Normal,5,1,150–300,225,9.2415,0.03031988188976378,12,False
1,Above Normal,5,2,300–500,400,5.5943695652173915,0.01835423085701244,46,False
1,Above Normal,5,3,500–700,600,84.56135820895524,0.2774322775884358,67,False
1,Above Normal,5,4,700–900,800,159.75810227272726,0.5241407554879502,88,False
1,Above Normal,5,5,900–1100,1000,210.10322222222223,0.6893150335374745,27,False
1,Above Normal,5,6,1100–1400,1250,257.4904121881466,0.8447848168902446,1,True
1,Above Normal,5,7,1400–1700,1550,319.2881111133018,1.0475331729439035,0,True
1,Above Normal,5,8,1700–2100,1900,391.38542652598284,1.2840729216731719,0,True
1,Above Normal,5,9,2100–2500,2300,473.7823584261898,1.5544040630780505,0,True
1,Above Normal,6,0,0–150,75,15.449424731288797,0.050687089013414684,0,True
1,Above Normal,6,1,150–300,225,0.0,0.0,7,False
1,Above Normal,6,2,300–500,400,20.17363043478261,0.06618645155768572,46,False
1,Above Normal,6,3,500–700,600,73.61352,0.24151417322834642,50,False
1,Above Normal,6,4,700–900,800,159.52945299145298,0.5233905938039796,117,False
1,Above Normal,6,5,900–1100,1000,192.73137499999999,0.6323207841207349,72,False
1,Above Normal,6,6,1100–1400,1250,200.46915,0.6577071850393701,20,False
1,Above Normal,6,7,1400–1700,1550,319.2881111133018,1.0475331729439035,0,True
1,Above Normal,6,8,1700–2100,1900,391.38542652598284,1.2840729216731719,0,True
1,Above Normal,6,9,2100–2500,2300,473.7823584261898,1.5544040630780505,0,True
1,Above Normal,7,0,0–150,75,15.449424731288797,0.050687089013414684,0,True
1,Above Normal,7,1,150–300,225,46.34827419386639,0.15206126704024406,2,True
1,Above Normal,7,2,300–500,400,12.466500000000002,0.04090059055118111,6,False
1,Above Normal,7,3,500–700,600,62.53445652173914,0.20516553976948534,46,False
1,Above Normal,7,4,700–900,800,171.34018571428575,0.5621397169103863,140,False
1,Above Normal,7,5,900–1100,1000,204.93367664670657,0.6723545821742342,167,False
1,Above Normal,7,6,1100–1400,1250,198.9581694915254,0.6527498999065794,59,False
1,Above Normal,7,7,1400–1700,1550,319.2881111133018,1.0475331729439035,0,True
1,Above Normal,7,8,1700–2100,1900,391.38542652598284,1.2840729216731719,0,True
1,Above Normal,7,9,2100–2500,2300,473.7823584261898,1.5544040630780505,0,True
1,Above Normal,8,0,0–150,75,15.449424731288797,0.050687089013414684,0,True
1,Above Normal,8,1,150–300,225,46.34827419386639,0.15206126704024406,2,True
1,Above Normal,8,2,300–500,400,82.39693190020691,0.2703311414048783,4,True
1,Above Normal,8,3,500–700,600,69.47038888888889,0.22792122338874307,18,False
1,Above Normal,8,4,700–900,800,153.74959322033897,0.5044277992793273,59,False
1,Above Normal,8,5,900–1100,1000,192.88825396825396,0.632835478898471,126,False
1,Above Normal,8,6,1100–1400,1250,232.30283333333335,0.7621484033245844,114,False
1,Above Normal,8,7,1400–1700,1550,319.2881111133018,1.0475331729439035,3,True
1,Above Normal,8,8,1700–2100,1900,391.38542652598284,1.2840729216731719,0,True
1,Above Normal,8,9,2100–2500,2300,473.7823584261898,1.5544040630780505,0,True
1,Above Normal,9,0,0–150,75,20.59923297505173,0.06758278535121959,0,True
1,Above Normal,9,1,150–300,225,61.79769892515518,0.20274835605365873,0,True
1,Above Normal,9,2,300–500,400,109.86257586694255,0.3604415218731711,2,True
1,Above Normal,9,3,500–700,600,164.79386380041385,0.5406622828097567,2,True
1,Above Normal,9,4,700–900,800,171.33164705882353,0.5621117029488961,17,False
1,Above Normal,9,5,900–1100,1000,232.34837288135597,0.762297811290538,59,False
1,Above Normal,9,6,1100–1400,1250,233.8848888888889,0.7673388743073782,54,False
1,Above Normal,9,7,1400–1700,1550,425.7174814844024,1.396710897258538,4,True
1,Above Normal,9,8,1700–2100,1900,521.8472353679771,1.7120972288975624,0,True
1,Above Normal,9,9,2100–2500,2300,631.7098112349197,2.072538750770734,0,True
1,Above Normal,10,0,0–150,75,20.59923297505173,0.06758278535121959,0,True
1,Above Normal,10,1,150–300,225,61.79769892515518,0.20274835605365873,0,True
1,Above Normal,10,2,300–500,400,109.86257586694255,0.3604415218731711,0,True
1,Above Normal,10,3,500–700,600,164.79386380041385,0.5406622828097567,0,True
1,Above Normal,10,4,700–900,800,219.7251517338851,0.7208830437463422,0,True
1,Above Normal,10,5,900–1100,1000,266.71500000000003,0.8750492125984253,10,False
1,Above Normal,10,6,1100–1400,1250,343.3205495841955,1.1263797558536597,1,True
1,Above Normal,10,7,1400–1700,1550,425.7174814844024,1.396710897258538,0,True
1,Above Normal,10,8,1700–2100,1900,521.8472353679771,1.7120972288975624,0,True
1,Above Normal,10,9,2100–2500,2300,631.7098112349197,2.072538750770734,0,True
1,Above Normal,11,0,0–150,75,20.59923297505173,0.06758278535121959,0,True
1,Above Normal,11,1,150–300,225,61.79769892515518,0.20274835605365873,0,True
1,Above Normal,11,2,300–500,400,109.86257586694255,0.3604415218731711,0,True
1,Above Normal,11,3,500–700,600,164.79386380041385,0.5406622828097567,0,True
1,Above Normal,11,4,700–900,800,219.7251517338851,0.7208830437463422,0,True
1,Above Normal,11,5,900–1100,1000,274.6564396673564,0.9011038046829277,4,True
1,Above Normal,11,6,1100–1400,1250,343.3205495841955,1.1263797558536597,1,True
1,Above Normal,11,7,1400–1700,1550,425.7174814844024,1.396710897258538,0,True
1,Above Normal,11,8,1700–2100,1900,521.8472353679771,1.7120972288975624,0,True
1,Above Normal,11,9,2100–2500,2300,631.7098112349197,2.072538750770734,0,True
1,Above Normal,12,0,0–150,75,20.59923297505173,0.06758278535121959,0,True
1,Above Normal,12,1,150–300,225,61.79769892515518,0.20274835605365873,0,True
1,Above Normal,12,2,300–500,400,109.86257586694255,0.3604415218731711,0,True
1,Above Normal,12,3,500–700,600,164.79386380041385,0.5406622828097567,0,True
1,Above Normal,12,4,700–900,800,219.7251517338851,0.7208830437463422,0,True
1,Above Normal,12,5,900–1100,1000,274.6564396673564,0.9011038046829277,0,True
1,Above Normal,12,6,1100–1400,1250,343.3205495841955,1.1263797558536597,0,True
1,Above Normal,12,7,1400–1700,1550,425.7174814844024,1.396710897258538,0,True
1,Above Normal,12,8,1700–2100,1900,521.8472353679771,1.7120972288975624,0,True
1,Above Normal,12,9,2100–2500,2300,631.7098112349197,2.072538750770734,0,True
1,Above Normal,13,0,0–150,75,23.174137096933194,0.07603063352012203,0,True
1,Above Normal,13,1,150–300,225,69.52241129079958,0.22809190056036607,0,True
1,Above Normal,13,2,300–500,400,123.59539785031036,0.40549671210731747,0,True
1,Above Normal,13,3,500–700,600,185.39309677546555,0.6082450681609762,0,True
1,Above Normal,13,4,700–900,800,247.19079570062073,0.8109934242146349,0,True
1,Above Normal,13,5,900–1100,1000,308.98849462577596,1.0137417802682938,0,True
1,Above Normal,13,6,1100–1400,1250,386.2356182822199,1.267177225335367,0,True
1,Above Normal,13,7,1400–1700,1550,478.9321666699527,1.5712997594158553,0,True
1,Above Normal,13,8,1700–2100,1900,587.0781397889742,1.926109382509758,0,True
1,Above Normal,13,9,2100–2500,2300,710.6735376392846,2.3316060946170754,0,True
1,Above Normal,14,0,0–150,75,23.174137096933194,0.07603063352012203,0,True
1,Above Normal,14,1,150–300,225,69.52241129079958,0.22809190056036607,0,True
1,Above Normal,14,2,300–500,400,123.59539785031036,0.40549671210731747,0,True
1,Above Normal,14,3,500–700,600,185.39309677546555,0.6082450681609762,0,True
1,Above Normal,14,4,700–900,800,247.19079570062073,0.8109934242146349,0,True
1,Above Normal,14,5,900–1100,1000,308.98849462577596,1.0137417802682938,0,True
1,Above Normal,14,6,1100–1400,1250,386.2356182822199,1.267177225335367,0,True
1,Above Normal,14,7,1400–1700,1550,478.9321666699527,1.5712997594158553,0,True
1,Above Normal,14,8,1700–2100,1900,587.0781397889742,1.926109382509758,0,True
1,Above Normal,14,9,2100–2500,2300,710.6735376392846,2.3316060946170754,0,True
1,Wet,1,0,0–150,75,0.0,0.0,1,True
1,Wet,1,1,150–300,225,0.0,0.0,0,True
1,Wet,1,2,300–500,400,0.0,0.0,0,True
1,Wet,1,3,500–700,600,0.0,0.0,0,True
1,Wet,1,4,700–900,800,0.0,0.0,0,True
1,Wet,1,5,900–1100,1000,0.0,0.0,0,True
1,Wet,1,6,1100–1400,1250,0.0,0.0,0,True
1,Wet,1,7,1400–1700,1550,0.0,0.0,0,True
1,Wet,1,8,1700–2100,1900,0.0,0.0,0,True
1,Wet,1,9,2100–2500,2300,0.0,0.0,0,True
1,Wet,2,0,0–150,75,0.0,0.0,8,False
1,Wet,2,1,150–300,225,0.0,0.0,10,False
1,Wet,2,2,300–500,400,0.0,0.0,3,True
1,Wet,2,3,500–700,600,0.0,0.0,0,True
1,Wet,2,4,700–900,800,0.0,0.0,0,True
1,Wet,2,5,900–1100,1000,0.0,0.0,0,True
1,Wet,2,6,1100–1400,1250,0.0,0.0,0,True
1,Wet,2,7,1400–1700,1550,0.0,0.0,0,True
1,Wet,2,8,1700–2100,1900,0.0,0.0,0,True
1,Wet,2,9,2100–2500,2300,0.0,0.0,0,True
1,Wet,3,0,0–150,75,0.0,0.0,4,True
1,Wet,3,1,150–300,225,0.0,0.0,24,False
1,Wet,3,2,300–500,400,2.8810769230769226,0.009452352109832423,13,False
1,Wet,3,3,500–700,600,114.06783333333334,0.3742382983377078,6,False
1,Wet,3,4,700–900,800,0.0,0.0,4,True
1,Wet,3,5,900–1100,1000,0.0,0.0,0,True
1,Wet,3,6,1100–1400,1250,0.0,0.0,0,True
1,Wet,3,7,1400–1700,1550,0.0,0.0,0,True
1,Wet,3,8,1700–2100,1900,0.0,0.0,0,True
1,Wet,3,9,2100–2500,2300,0.0,0.0,0,True
1,Wet,4,0,0–150,75,0.0,0.0,6,False
1,Wet,4,1,150–300,225,0.0,0.0,17,False
1,Wet,4,2,300–500,400,1.927652173913043,0.006324318155882687,46,False
1,Wet,4,3,500–700,600,113.49803448275861,0.37236887953660963,29,False
1,Wet,4,4,700–900,800,161.37361111111113,0.5294409813356664,18,False
1,Wet,4,5,900–1100,1000,201.32333333333335,0.6605096237970254,6,False
1,Wet,4,6,1100–1400,1250,0.0,0.0,0,True
1,Wet,4,7,1400–1700,1550,0.0,0.0,0,True
1,Wet,4,8,1700–2100,1900,0.0,0.0,0,True
1,Wet,4,9,2100–2500,2300,0.0,0.0,0,True
1,Wet,5,0,0–150,75,16.114131093014226,0.0528678841634325,2,True
1,Wet,5,1,150–300,225,0.0,0.0,11,False
1,Wet,5,2,300–500,400,12.716265625000002,0.041720031578083995,64,False
1,Wet,5,3,500–700,600,102.0738064516129,0.33488781644229954,93,False
1,Wet,5,4,700–900,800,184.92711827956987,0.6067162673214235,93,False
1,Wet,5,5,900–1100,1000,209.0032666666667,0.6857062554680665,15,False
1,Wet,5,6,1100–1400,1250,243.2727142857143,0.7981388263967004,7,False
1,Wet,5,7,1400–1700,1550,333.025375922294,1.092602939377605,0,True
1,Wet,5,8,1700–2100,1900,408.22465435636036,1.3393197321402899,0,True
1,Wet,5,9,2100–2500,2300,494.16668685243627,1.62128178101193,0,True
1,Wet,6,0,0–150,75,16.114131093014226,0.0528678841634325,0,True
1,Wet,6,1,150–300,225,48.342393279042675,0.15860365249029748,2,True
1,Wet,6,2,300–500,400,33.52834285714286,0.11000112485939258,35,False
1,Wet,6,3,500–700,600,115.87566379310346,0.3801695006335415,116,False
1,Wet,6,4,700–900,800,186.57045394736843,0.612107788541235,304,False
1,Wet,6,5,900–1100,1000,198.55494852941177,0.6514269964875714,136,False
1,Wet,6,6,1100–1400,1250,221.28203333333335,0.7259909230096238,30,False
1,Wet,6,7,1400–1700,1550,333.025375922294,1.092602939377605,0,True
1,Wet,6,8,1700–2100,1900,408.22465435636036,1.3393197321402899,0,True
1,Wet,6,9,2100–2500,2300,494.16668685243627,1.62128178101193,0,True
1,Wet,7,0,0–150,75,16.114131093014226,0.0528678841634325,0,True
1,Wet,7,1,150–300,225,48.342393279042675,0.15860365249029748,2,True
1,Wet,7,2,300–500,400,21.7611,0.07139468503937008,10,False
1,Wet,7,3,500–700,600,134.542125,0.44141117125984247,80,False
1,Wet,7,4,700–900,800,201.84058888888887,0.6622066564596092,360,False
1,Wet,7,5,900–1100,1000,227.12586815920397,0.7451636094462072,402,False
1,Wet,7,6,1100–1400,1250,220.85826415094346,0.724600604169762,159,False
1,Wet,7,7,1400–1700,1550,295.9934,0.9711069553805775,5,False
1,Wet,7,8,1700–2100,1900,408.22465435636036,1.3393197321402899,0,True
1,Wet,7,9,2100–2500,2300,494.16668685243627,1.62128178101193,0,True
1,Wet,8,0,0–150,75,21.485508124018967,0.07049051221791,0,True
1,Wet,8,1,150–300,225,64.4565243720569,0.21147153665373,0,True
1,Wet,8,2,300–500,400,114.58937666143449,0.37594939849551995,2,True
1,Wet,8,3,500–700,600,135.4525833333333,0.4443982392825896,24,False
1,Wet,8,4,700–900,800,202.79606521739132,0.6653414213169007,230,False
1,Wet,8,5,900–1100,1000,238.02617840375586,0.7809257821645533,426,False
1,Wet,8,6,1100–1400,1250,246.93967796610175,0.8101695471328797,295,False
1,Wet,8,7,1400–1700,1550,333.21500000000003,1.0932250656167979,5,False
1,Wet,8,8,1700–2100,1900,544.2995391418139,1.78575964285372,0,True
1,Wet,8,9,2100–2500,2300,658.8889158032483,2.1617090413492397,0,True
1,Wet,9,0,0–150,75,21.485508124018967,0.07049051221791,0,True
1,Wet,9,1,150–300,225,64.4565243720569,0.21147153665373,0,True
1,Wet,9,2,300–500,400,114.58937666143449,0.37594939849551995,1,True
1,Wet,9,3,500–700,600,171.88406499215174,0.56392409774328,3,True
1,Wet,9,4,700–900,800,220.84020000000004,0.7245413385826772,50,False
1,Wet,9,5,900–1100,1000,251.0172897727273,0.8235475386244334,176,False
1,Wet,9,6,1100–1400,1250,260.9310357142857,0.8560729518185226,140,False
1,Wet,9,7,1400–1700,1550,444.0338345630587,1.45680391917014,3,True
1,Wet,9,8,1700–2100,1900,544.2995391418139,1.78575964285372,0,True
1,Wet,9,9,2100–2500,2300,658.8889158032483,2.1617090413492397,0,True
1,Wet,10,0,0–150,75,21.485508124018967,0.07049051221791,0,True
1,Wet,10,1,150–300,225,64.4565243720569,0.21147153665373,0,True
1,Wet,10,2,300–500,400,114.58937666143449,0.37594939849551995,3,True
1,Wet,10,3,500–700,600,171.88406499215174,0.56392409774328,0,True
1,Wet,10,4,700–900,800,208.1809166666667,0.6830082567804024,12,False
1,Wet,10,5,900–1100,1000,279.48891428571426,0.9169583802024746,35,False
1,Wet,10,6,1100–1400,1250,284.25022580645157,0.9325794809922952,31,False
1,Wet,10,7,1400–1700,1550,444.0338345630587,1.45680391917014,4,True
1,Wet,10,8,1700–2100,1900,544.2995391418139,1.78575964285372,0,True
1,Wet,10,9,2100–2500,2300,658.8889158032483,2.1617090413492397,0,True
1,Wet,11,0,0–150,75,21.485508124018967,0.07049051221791,0,True
1,Wet,11,1,150–300,225,64.4565243720569,0.21147153665373,0,True
1,Wet,11,2,300–500,400,114.58937666143449,0.37594939849551995,0,True
1,Wet,11,3,500–700,600,171.88406499215174,0.56392409774328,0,True
1,Wet,11,4,700–900,800,229.17875332286897,0.7518987969910399,0,True
1,Wet,11,5,900–1100,1000,229.765125,0.7538225885826771,8,False
1,Wet,11,6,1100–1400,1250,247.28359999999998,0.8112979002624671,10,False
1,Wet,11,7,1400–1700,1550,444.0338345630587,1.45680391917014,0,True
1,Wet,11,8,1700–2100,1900,544.2995391418139,1.78575964285372,0,True
1,Wet,11,9,2100–2500,2300,658.8889158032483,2.1617090413492397,0,True
1,Wet,12,0,0–150,75,21.485508124018967,0.07049051221791,0,True
1,Wet,12,1,150–300,225,64.4565243720569,0.21147153665373,0,True
1,Wet,12,2,300–500,400,114.58937666143449,0.37594939849551995,0,True
1,Wet,12,3,500–700,600,171.88406499215174,0.56392409774328,0,True
1,Wet,12,4,700–900,800,229.17875332286897,0.7518987969910399,0,True
1,Wet,12,5,900–1100,1000,286.47344165358624,0.9398734962387999,0,True
1,Wet,12,6,1100–1400,1250,358.0918020669828,1.1748418702985,1,True
1,Wet,12,7,1400–1700,1550,444.0338345630587,1.45680391917014,0,True
1,Wet,12,8,1700–2100,1900,544.2995391418139,1.78575964285372,0,True
1,Wet,12,9,2100–2500,2300,658.8889158032483,2.1617090413492397,0,True
1,Wet,13,0,0–150,75,24.17119663952134,0.07930182624514875,0,True
1,Wet,13,1,150–300,225,72.51358991856401,0.2379054787354462,0,True
1,Wet,13,2,300–500,400,128.9130487441138,0.42294307330746,0,True
1,Wet,13,3,500–700,600,193.36957311617073,0.63441460996119,0,True
1,Wet,13,4,700–900,800,257.8260974882276,0.84588614661492,0,True
1,Wet,13,5,900–1100,1000,322.2826218602845,1.05735768326865,0,True
1,Wet,13,6,1100–1400,1250,402.85327732535563,1.3216971040858123,0,True
1,Wet,13,7,1400–1700,1550,499.53806388344105,1.6389044090664076,0,True
1,Wet,13,8,1700–2100,1900,612.3369815345405,2.0089795982104346,0,True
1,Wet,13,9,2100–2500,2300,741.2500302786544,2.431922671517895,0,True
1,Wet,14,0,0–150,75,25.78260974882276,0.08458861466149199,0,True
1,Wet,14,1,150–300,225,77.34782924646828,0.253765843984476,0,True
1,Wet,14,2,300–500,400,137.50725199372138,0.45113927819462396,0,True
1,Wet,14,3,500–700,600,206.2608779905821,0.6767089172919359,0,True
1,Wet,14,4,700–900,800,275.01450398744277,0.9022785563892479,0,True
1,Wet,14,5,900–1100,1000,343.7681299843035,1.12784819548656,0,True
1,Wet,14,6,1100–1400,1250,429.7101624803793,1.4098102443582,0,True
1,Wet,14,7,1400–1700,1550,532.8406014756704,1.7481647030041678,0,True
1,Wet,14,8,1700–2100,1900,653.1594469701765,2.1429115714244635,0,True
1,Wet,14,9,2100–2500,2300,790.666698963898,2.594050849619088,0,True
